,ID,Date,Time,Location,Origin_img,Detect_img,Crop_classes,Crop_imgs,Crop_xyxy,Crop_conf,OCR_text,Category,Legality
0,1,2023-08-12,15:00:00.123456,"[37.123456, -122.789012]","[[[ 76 104 105]
  [ 74 102 103]
  [ 84 112 113]
  ...
  [249 194 101]
  [252 193 103]
  [255 192 104]]

 [[ 79 107 108]
  [ 76 104 105]
  [ 86 114 115]
  ...
  [250 195 105]
  [253 191 104]
  [255 189 100]]

 [[ 75 103 104]
  [ 71  99 100]
  [ 81 109 110]
  ...
  [250 192 108]
  [255 191 104]
  [255 189 101]]

 ...

 [[ 89  76  67]
  [ 84  71  62]
  [ 80  67  58]
  ...
  [117 124 132]
  [119 126 134]
  [122 129 137]]

 [[ 75  62  53]
  [ 79  66  57]
  [ 79  66  57]
  ...
  [119 126 134]
  [119 126 134]
  [119 126 134]]

 [[ 89  76  67]
  [ 97  84  75]
  [101  88  79]
  ...
  [118 125 133]
  [117 124 132]
  [116 123 131]]]",[],[],[],[],[],[],[],[]
1,2,2023-08-12,15:05:00.123456,"[37.123501, -122.789012]","[[[ 38  37  35]
  [ 46  45  43]
  [ 73  73  71]
  ...
  [100 102 101]
  [ 92  94  89]
  [ 91  94  87]]

 [[ 36  32  29]
  [ 38  37  33]
  [ 60  59  55]
  ...
  [ 95  97  96]
  [ 91  93  88]
  [ 81  84  77]]

 [[ 44  39  33]
  [ 37  32  26]
  [ 45  40  34]
  ...
  [ 91  93  92]
  [101 103  98]
  [ 82  85  78]]

 ...

 [[179 152 131]
  [186 159 138]
  [184 157 136]
  ...
  [192 173 156]
  [202 183 166]
  [208 189 172]]

 [[179 152 133]
  [186 159 140]
  [181 154 135]
  ...
  [157 139 119]
  [165 146 129]
  [171 152 135]]

 [[183 156 137]
  [186 159 140]
  [175 148 129]
  ...
  [215 197 177]
  [210 191 174]
  [203 184 167]]]",[],[],[],[],[],[],[],[]
2,3,2023-08-12,15:10:00.123456,"[37.123546, -122.789012]","[[[ 21  44  24]
  [  5  29   7]
  [  9  31  10]
  ...
  [ 76  97  58]
  [150 173 131]
  [ 86 109  67]]

 [[ 28  49  30]
  [ 32  53  34]
  [ 21  43  22]
  ...
  [110 130  95]
  [ 42  64  26]
  [  4  26   0]]

 [[ 31  49  33]
  [ 56  75  56]
  [ 28  47  27]
  ...
  [ 12  31   3]
  [ 34  54  26]
  [ 71  91  63]]

 ...

 [[ 72  68  65]
  [ 86  82  79]
  [ 74  69  66]
  ...
  [200 196 197]
  [192 188 189]
  [201 197 198]]

 [[178 178 170]
  [129 129 121]
  [139 139 131]
  ...
  [204 200 201]
  [197 193 194]
  [200 196 197]]

 [[144 146 135]
  [143 145 134]
  [156 158 147]
  ...
  [203 199 200]
  [203 199 200]
  [202 198 199]]]",[],[],[],[],[],[],[],[]
3,4,2023-08-12,15:15:00.123456,"[37.123591, -122.789012]","[[[ 60 102 127]
  [101 143 168]
  [111 153 178]
  ...
  [115 165 200]
  [117 169 206]
  [115 167 204]]

 [[ 53  95 120]
  [117 159 184]
  [111 152 180]
  ...
  [113 163 200]
  [108 160 197]
  [111 163 200]]

 [[ 63 107 134]
  [ 94 138 165]
  [116 160 187]
  ...
  [112 164 203]
  [107 161 199]
  [108 162 200]]

 ...

 [[146 153 146]
  [156 163 156]
  [151 158 151]
  ...
  [ 72  82  84]
  [ 70  80  82]
  [ 75  85  87]]

 [[169 175 171]
  [157 163 159]
  [158 164 160]
  ...
  [ 74  85  87]
  [ 72  82  84]
  [ 63  73  75]]

 [[160 166 162]
  [158 164 160]
  [162 168 164]
  ...
  [ 71  82  84]
  [ 67  77  79]
  [ 58  68  70]]]",[],[],[],[],[],[],[],[]
4,5,2023-08-12,15:20:00.123456,"[37.123636, -122.789012]","[[[178 204 203]
  [169 191 189]
  [ 79  91  87]
  ...
  [125 166 218]
  [126 167 219]
  [125 171 221]]

 [[183 205 219]
  [182 199 215]
  [ 99 111 125]
  ...
  [128 172 221]
  [128 171 222]
  [128 169 221]]

 [[180 202 226]
  [185 202 230]
  [152 165 199]
  ...
  [130 172 222]
  [129 171 221]
  [129 169 220]]

 ...

 [[153 150 141]
  [149 146 137]
  [150 147 138]
  ...
  [149 146 137]
  [152 149 140]
  [155 153 141]]

 [[153 148 144]
  [148 143 139]
  [143 140 135]
  ...
  [150 150 140]
  [154 154 144]
  [158 158 146]]

 [[137 134 129]
  [136 133 128]
  [140 137 132]
  ...
  [137 138 132]
  [141 142 136]
  [145 145 137]]]",[],[],[],[],[],[],[],[]
5,6,2023-08-12,15:25:00.123456,"[37.123681, -122.789012]","[[[ 96 106  95]
  [101 111 100]
  [108 118 109]
  ...
  [137  82  43]
  [141  85  48]
  [145  89  52]]

 [[138 148 140]
  [142 152 144]
  [141 151 143]
  ...
  [138  82  45]
  [143  87  50]
  [148  92  55]]

 [[125 134 133]
  [132 141 140]
  [134 143 142]
  ...
  [138  82  45]
  [141  85  50]
  [148  92  57]]

 ...

 [[151 137 110]
  [119 105  78]
  [ 87  72  49]
  ...
  [ 71  78  70]
  [ 94 102  91]
  [181 189 176]]

 [[150 137 118]
  [109  98  78]
  [ 89  77  61]
  ...
  [ 76  79  72]
  [ 99 102  95]
  [187 190 181]]

 [[ 14   2   0]
  [ 13   1   0]
  [ 10   0   0]
  ...
  [  2   3   0]
  [  3   4   0]
  [  3   4   0]]]",[],[],[],[],[],[],[],[]
6,7,2023-08-12,15:30:00.123456,"[37.123726, -122.789012]","[[[113 113 105]
  [ 97  97  89]
  [ 86  86  78]
  ...
  [242 242 240]
  [241 242 237]
  [241 242 237]]

 [[117 117 109]
  [100 100  92]
  [ 88  88  80]
  ...
  [242 242 240]
  [242 243 238]
  [241 242 237]]

 [[119 119 111]
  [101 101  93]
  [ 90  90  82]
  ...
  [243 243 241]
  [242 243 238]
  [242 243 238]]

 ...

 [[138  78  50]
  [138  78  50]
  [136  79  50]
  ...
  [ 85  84  80]
  [ 85  84  80]
  [ 85  84  80]]

 [[134  78  53]
  [134  78  53]
  [130  76  48]
  ...
  [ 87  86  82]
  [ 87  86  82]
  [ 87  86  82]]

 [[127  73  49]
  [122  70  46]
  [117  66  39]
  ...
  [ 89  88  84]
  [ 88  87  83]
  [ 89  88  84]]]",[],[],[],[],[],[],[],[]
7,8,2023-08-12,15:35:00.123456,"[37.123771, -122.789012]","[[[ 26  31  37]
  [ 28  33  39]
  [ 32  37  41]
  ...
  [158 158 166]
  [165 165 173]
  [154 154 162]]

 [[ 23  28  34]
  [ 27  32  38]
  [ 32  37  41]
  ...
  [170 170 178]
  [167 167 175]
  [168 168 176]]

 [[ 22  27  33]
  [ 27  32  38]
  [ 31  36  40]
  ...
  [173 176 183]
  [160 163 170]
  [169 172 179]]

 ...

 [[ 49  46  37]
  [ 39  36  27]
  [ 44  41  36]
  ...
  [ 23  33  22]
  [ 35  45  34]
  [ 30  40  29]]

 [[ 43  40  33]
  [ 34  31  24]
  [ 38  35  30]
  ...
  [ 23  33  22]
  [ 27  37  26]
  [ 23  33  22]]

 [[ 39  36  31]
  [ 30  27  22]
  [ 32  29  24]
  ...
  [ 25  35  26]
  [ 20  30  21]
  [ 20  30  21]]]",[],[],[],[],[],[],[],[]
8,9,2023-08-12,15:40:00.123456,"[37.123816, -122.789012]","[[[249 248 243]
  [248 249 243]
  [249 250 244]
  ...
  [ 86  88  87]
  [ 84  86  85]
  [ 83  85  84]]

 [[248 249 244]
  [248 249 244]
  [248 250 245]
  ...
  [ 88  90  89]
  [ 88  90  89]
  [ 88  90  89]]

 [[246 248 245]
  [247 249 246]
  [247 249 246]
  ...
  [ 88  90  89]
  [ 88  90  89]
  [ 88  90  89]]

 ...

 [[140 145 139]
  [125 128 121]
  [ 99 100  94]
  ...
  [ 88  69  75]
  [ 87  68  74]
  [ 91  72  78]]

 [[134 137 130]
  [113 116 109]
  [ 99 100  94]
  ...
  [ 95  69  78]
  [100  74  83]
  [100  74  83]]

 [[130 133 126]
  [111 114 107]
  [100 100  92]
  ...
  [ 95  68  77]
  [100  73  82]
  [101  74  83]]]",[],[],[],[],[],[],[],[]
9,10,2023-08-12,15:45:00.123456,"[37.123861, -122.789012]","[[[123 158  90]
  [109 144  80]
  [175 207 157]
  ...
  [122 154  79]
  [150 182 106]
  [154 187 108]]

 [[166 198 131]
  [113 147  86]
  [108 140  90]
  ...
  [110 142  69]
  [138 170  95]
  [152 184 109]]

 [[172 202 138]
  [137 168 108]
  [ 57  87  37]
  ...
  [133 164  97]
  [141 172 104]
  [132 163  95]]

 ...

 [[ 48  56  58]
  [ 43  51  53]
  [ 42  50  52]
  ...
  [ 64  68  71]
  [ 64  68  71]
  [ 65  69  72]]

 [[ 64  72  74]
  [ 59  67  69]
  [ 56  64  66]
  ...
  [ 75  79  82]
  [ 76  80  83]
  [ 76  80  83]]

 [[ 68  76  78]
  [ 65  73  75]
  [ 63  71  73]
  ...
  [ 74  78  81]
  [ 75  79  82]
  [ 75  79  82]]]",[],[],[],[],[],[],[],[]
10,11,2023-08-12,15:50:00.123456,"[37.123906, -122.789012]","[[[ 36  49  19]
  [ 35  48  18]
  [ 38  51  23]
  ...
  [ 85 101  54]
  [ 76  92  43]
  [ 96 112  63]]

 [[ 43  56  28]
  [ 39  52  24]
  [ 40  53  25]
  ...
  [ 66  82  37]
  [ 70  86  39]
  [ 66  82  35]]

 [[ 57  67  42]
  [ 52  62  37]
  [ 44  54  29]
  ...
  [ 80  95  54]
  [ 89 104  63]
  [ 75  90  49]]

 ...

 [[153 146 130]
  [152 145 129]
  [149 142 126]
  ...
  [ 95  94  92]
  [104 103 101]
  [115 114 112]]

 [[141 134 118]
  [127 120 104]
  [140 133 117]
  ...
  [106 105 103]
  [101 100  98]
  [102 101  99]]

 [[145 138 122]
  [146 139 123]
  [167 160 144]
  ...
  [110 109 107]
  [107 106 104]
  [105 104 102]]]",[],[],[],[],[],[],[],[]
11,12,2023-08-12,15:55:00.123456,"[37.123951, -122.789012]","[[[246 245 243]
  [246 245 243]
  [246 245 243]
  ...
  [152 152 140]
  [182 179 172]
  [200 197 190]]

 [[246 245 243]
  [246 245 243]
  [246 245 243]
  ...
  [155 155 145]
  [185 182 175]
  [197 194 187]]

 [[246 245 243]
  [246 245 243]
  [246 245 243]
  ...
  [155 155 145]
  [179 179 171]
  [185 184 179]]

 ...

 [[117 114 121]
  [115 112 119]
  [114 111 118]
  ...
  [120 118 119]
  [120 118 119]
  [119 117 118]]

 [[115 112 119]
  [115 112 119]
  [116 113 120]
  ...
  [118 116 117]
  [118 116 117]
  [118 116 117]]

 [[116 113 120]
  [118 115 122]
  [118 115 122]
  ...
  [107 105 106]
  [108 106 107]
  [117 115 116]]]",[],[],[],[],[],[],[],[]
12,13,2023-08-12,16:00:00.123456,"[37.123996, -122.789012]","[[[135 148 157]
  [135 148 157]
  [134 147 156]
  ...
  [102 109 102]
  [ 94 103  98]
  [ 90  99  94]]

 [[136 149 158]
  [135 148 157]
  [135 148 157]
  ...
  [ 87  93  89]
  [ 91 100  95]
  [ 88  97  92]]

 [[135 148 157]
  [135 148 157]
  [135 148 157]
  ...
  [ 96 102 100]
  [109 118 115]
  [107 116 113]]

 ...

 [[127 104  50]
  [136 113  59]
  [138 115  61]
  ...
  [ 93  73  49]
  [ 72  50  27]
  [ 56  34  11]]

 [[106  83  29]
  [129 106  52]
  [134 111  57]
  ...
  [102  78  54]
  [113  89  63]
  [101  77  49]]

 [[ 89  66  12]
  [120  97  43]
  [129 106  52]
  ...
  [101  77  51]
  [116  90  63]
  [ 99  74  44]]]",[],[],[],[],[],[],[],[]
13,14,2023-08-12,16:05:00.123456,"[37.124041, -122.789012]","[[[159 229 241]
  [158 228 240]
  [162 228 244]
  ...
  [ 58 107 121]
  [ 55 101 116]
  [ 66 112 127]]

 [[160 230 242]
  [160 228 241]
  [160 227 243]
  ...
  [ 69 117 131]
  [ 69 115 130]
  [ 65 111 126]]

 [[161 229 242]
  [161 229 242]
  [161 228 244]
  ...
  [ 68 114 130]
  [ 70 116 132]
  [ 75 118 135]]

 ...

 [[153 161 140]
  [167 175 154]
  [166 173 155]
  ...
  [151 140 122]
  [142 129 113]
  [146 133 117]]

 [[173 182 163]
  [158 167 148]
  [166 175 158]
  ...
  [146 134 118]
  [149 137 121]
  [143 131 115]]

 [[163 175 155]
  [162 174 154]
  [181 190 173]
  ...
  [153 141 125]
  [157 145 129]
  [141 129 113]]]",[],[],[],[],[],[],[],[]
14,15,2023-08-12,16:10:00.123456,"[37.124086, -122.789012]","[[[225 245 252]
  [225 245 252]
  [225 245 252]
  ...
  [ 69  99 137]
  [ 30  62 103]
  [ 59  90 134]]

 [[226 246 253]
  [226 246 253]
  [226 246 253]
  ...
  [ 42  76 113]
  [ 26  59 100]
  [ 56  91 133]]

 [[227 247 254]
  [227 247 254]
  [226 246 253]
  ...
  [ 49  87 123]
  [ 42  82 118]
  [ 31  73 111]]

 ...

 [[230 159 167]
  [230 159 167]
  [230 159 167]
  ...
  [210  59 100]
  [210  59 100]
  [210  59 100]]

 [[230 159 167]
  [230 159 167]
  [230 159 167]
  ...
  [210  59 100]
  [210  59 100]
  [210  59 100]]

 [[230 159 167]
  [230 159 167]
  [230 159 167]
  ...
  [210  59 100]
  [210  59 100]
  [210  59 100]]]",[],[],[],[],[],[],[],[]
15,16,2023-08-12,16:15:00.123456,"[37.124131, -122.789012]","[[[171 184 203]
  [171 184 203]
  [171 184 203]
  ...
  [200 210 222]
  [201 211 223]
  [201 211 223]]

 [[170 183 202]
  [170 183 202]
  [170 183 202]
  ...
  [200 210 222]
  [201 211 223]
  [201 211 223]]

 [[168 181 200]
  [169 182 201]
  [169 182 201]
  ...
  [200 210 222]
  [200 210 222]
  [201 211 223]]

 ...

 [[154 144 135]
  [181 171 162]
  [188 177 171]
  ...
  [144 121 103]
  [154 131 113]
  [163 140 122]]

 [[137 127 118]
  [152 142 133]
  [158 147 141]
  ...
  [151 128 112]
  [137 114  98]
  [131 108  92]]

 [[116 105  99]
  [ 93  82  76]
  [164 153 147]
  ...
  [157 135 121]
  [143 121 107]
  [142 120 106]]]",[],[],[],[],[],[],[],[]
